<?xml version="1.0" encoding="UTF-8"?>
<project-private xmlns="http://www.netbeans.org/ns/project-private/1">
    <editor-bookmarks xmlns="http://www.netbeans.org/ns/editor-bookmarks/2" lastBookmarkId="0"/>
    <open-files xmlns="http://www.netbeans.org/ns/projectui-open-files/2">
        <group>
            <file>file:/C:/Users/Michael%20Barrameda/Desktop/Projectsss/LatestProject/src/project/adminLogin.java</file>
            <file>file:/C:/Users/Michael%20Barrameda/Desktop/Projectsss/LatestProject/src/project/payBalance.java</file>
            <file>file:/C:/Users/Michael%20Barrameda/Desktop/Projectsss/LatestProject/src/project/admin.java</file>
            <file>file:/C:/Users/Michael%20Barrameda/Desktop/Projectsss/LatestProject/src/project/applicationForm.java</file>
            <file>file:/C:/Users/Michael%20Barrameda/Desktop/Projectsss/LatestProject/src/project/newHome.java</file>
        </group>
    </open-files>
</project-private>
